order_id,order_date,customer_id,customer_name,product_code,product_name,category,quantity_units,unit_price_usd,sales_rep,flag_duplicate,flag_missing_price,flag_negative_qty,median_price,flag_price_outlier,flag_missing_cust,flag_bad_product_name,revenue
ORD-2024000,2024-05-05,CUST-001,Permian Basin Drilling Co.,CRUDE-BRENT,Crude Oil Brent,Crude Oil,1193.73,82.3,T. Williams,False,False,False,82.3,False,False,False,98243.97899999999
ORD-2024001,2024-08-04,CUST-002,Gulf Coast Refinery LLC,HEAT-OIL,Heating Oil No.2,Refined Products,255.74,,A. Johnson,False,True,False,3.1,False,False,False,
ORD-2024002,2024-04-11,CUST-001,Permian Basin Drilling Co.,DIESEL-ULS,Ultra Low Sulfur Diesel,Refined Products,3608.5,3.2,A. Johnson,False,False,False,3.2,False,False,False,11547.2
ORD-2024003,2024-10-28,CUST-004,Houston Petrochem Inc.,LUBR-SYN5,Synthetic Motor Oil 5W-30,Lubricants,1463.13,18.75,R. Chen,False,False,False,18.75,False,False,False,27433.687500000004
ORD-2024004,2024-05-22,CUST-007,Bayou City Fuel Dist.,NAT-GAS-001,Natural Gas,Natural Gas,861.85,2.85,T. Williams,False,False,False,2.85,False,False,False,2456.2725
ORD-2024005,2024-07-13,CUST-002,Gulf Coast Refinery LLC,LUBR-HD40,Heavy Duty Lubricant 40W,Lubricants,573.91,12.5,J. Martinez,False,False,False,12.5,False,False,False,7173.875
ORD-2024006,2024-08-23,CUST-005,Lone Star Pipeline Corp.,GASOLINE-87,Gasoline 87 Octane,Refined Products,2727.52,2.95,J. Martinez,False,False,False,2.95,False,False,False,8046.184
ORD-2024007,2024-05-30,CUST-002,Gulf Coast Refinery LLC,LUBR-SYN5,Synthetic Motor Oil 5W-30,Lubricants,4164.08,18.75,A. Johnson,False,False,False,18.75,False,False,False,78076.5
ORD-2024008,2024-01-24,CUST-004,Houston Petrochem Inc.,LUBR-HD40,Heavy Duty Lubricant 40W,Lubricants,3340.19,12.5,J. Martinez,False,False,False,12.5,False,False,False,41752.375
ORD-2024009,2024-07-13,CUST-004,Houston Petrochem Inc.,CRUDE-BRENT,Crude Oil Brent,Crude Oil,1462.07,82.3,J. Martinez,False,False,False,82.3,False,False,False,120328.36099999999
ORD-2024010,2024-06-30,,Texas Energy Partners,LUBR-HD40,Heavy Duty Lubricant 40W,Lubricants,1126.58,12.5,T. Williams,False,False,False,12.5,False,True,False,14082.25
ORD-2024011,2024-05-05,CUST-003,Texas Energy Partners,CRUDE-BRENT,Crude Oil Brent,Crude Oil,900.67,82.3,A. Johnson,False,False,False,82.3,False,False,False,74125.14099999999
ORD-2024012,2024-01-29,CUST-004,Houston Petrochem Inc.,HEAT-OIL,Heating Oil No.2,Refined Products,1222.34,3.1,T. Williams,True,False,False,3.1,False,False,False,3789.254
ORD-2024012,2024-01-29,CUST-004,Houston Petrochem Inc.,HEAT-OIL,Heating Oil No.2,Refined Products,1222.34,3.1,T. Williams,True,False,False,3.1,False,False,False,3789.254
ORD-2024013,2024-02-03,CUST-007,Bayou City Fuel Dist.,LUBR-HD40,Heavy Duty Lubricant 40W,Lubricants,1133.82,12.5,T. Williams,False,False,False,12.5,False,False,False,14172.75
ORD-2024014,2024-07-21,CUST-004,Houston Petrochem Inc.,LUBR-HD40,Heavy Duty Lubricant 40W,Lubricants,4434.95,12.5,R. Chen,False,False,False,12.5,False,False,False,55436.875
ORD-2024015,2024-05-06,CUST-005,Lone Star Pipeline Corp.,NAT-GAS-001,Natural Gas,Natural Gas,3750.45,2.85,S. Patel,False,False,False,2.85,False,False,False,10688.7825
ORD-2024016,2024-07-23,CUST-007,Bayou City Fuel Dist.,GASOLINE-87,Gasoline 87 Octane,Refined Products,1873.78,2.95,A. Johnson,False,False,False,2.95,False,False,False,5527.651
ORD-2024017,2024-01-25,CUST-008,Midland Energy Services,NAT-GAS-001,Natural Gas,Natural Gas,-4319.4,2.85,J. Martinez,False,False,True,2.85,False,False,False,-12310.289999999999
ORD-2024018,2024-02-02,CUST-007,Bayou City Fuel Dist.,NAT-GAS-001,Natural Gas,Natural Gas,1985.36,2.85,A. Johnson,False,False,False,2.85,False,False,False,5658.276
ORD-2024019,2024-01-06,CUST-005,Lone Star Pipeline Corp.,PROP-LPG,Propane LPG,LPG,3433.39,,A. Johnson,False,True,False,1.15,False,False,False,
ORD-2024020,2024-02-27,CUST-005,Lone Star Pipeline Corp.,HEAT-OIL,Heating Oil No.2,Refined Products,-1538.15,3.1,T. Williams,False,False,True,3.1,False,False,False,-4768.265
ORD-2024021,2024-04-01,CUST-005,Lone Star Pipeline Corp.,CRUDE-WTI,Crude Oil WTI,Crude Oil,2587.64,,A. Johnson,False,True,False,78.5,False,False,False,
ORD-2024022,2024-07-10,CUST-004,Houston Petrochem Inc.,JET-A1,Jet Fuel A-1,Refined Products,3836.3,3.45,S. Patel,False,False,False,3.45,False,False,False,13235.235
ORD-2024023,2024-06-14,CUST-001,Permian Basin Drilling Co.,HEAT-OIL,Heating Oil No.2,Refined Products,2494.17,,A. Johnson,False,True,False,3.1,False,False,False,
ORD-2024024,2024-01-30,CUST-005,Lone Star Pipeline Corp.,LUBR-HD40,Heavy Duty Lubricant 40W,Lubricants,1280.27,12.5,S. Patel,False,False,False,12.5,False,False,False,16003.375
ORD-2024025,2024-02-05,CUST-002,Gulf Coast Refinery LLC,CRUDE-BRENT,Crude Oil Brent,Crude Oil,4892.12,82.3,R. Chen,False,False,False,82.3,False,False,False,402621.47599999997
ORD-2024026,2024-10-08,CUST-003,Texas Energy Partners,NAT-GAS-001,Natural Gas,Natural Gas,909.12,2.85,R. Chen,False,False,False,2.85,False,False,False,2590.992
ORD-2024027,2024-10-03,CUST-007,Bayou City Fuel Dist.,GASOLINE-87,Gasoline 87 Octane,Refined Products,3800.8,2.95,S. Patel,False,False,False,2.95,False,False,False,11212.36
ORD-2024028,2024-08-12,CUST-007,Bayou City Fuel Dist.,JET-A1,Jet Fuel A-1,Refined Products,4508.11,3.45,T. Williams,False,False,False,3.45,False,False,False,15552.9795
ORD-2024029,2024-06-22,CUST-004,Houston Petrochem Inc.,DIESEL-ULS,Ultra Low Sulfur Diesel,Refined Products,203.07,3.2,J. Martinez,False,False,False,3.2,False,False,False,649.8240000000001
ORD-2024030,2024-02-06,CUST-004,Houston Petrochem Inc.,GASOLINE-87,Gasoline 87 Octane,Refined Products,3568.42,2.95,J. Martinez,True,False,False,2.95,False,False,False,10526.839
ORD-2024030,2024-02-06,CUST-004,Houston Petrochem Inc.,GASOLINE-87,Gasoline 87 Octane,Refined Products,3568.42,2.95,J. Martinez,True,False,False,2.95,False,False,False,10526.839
ORD-2024031,2024-02-06,CUST-001,Permian Basin Drilling Co.,CRUDE-BRENT,Crude Oil Brent,Crude Oil,2619.36,8230.0,T. Williams,False,False,False,82.3,True,False,False,21557332.8
ORD-2024032,2024-10-22,CUST-003,Texas Energy Partners,DIESEL-ULS,Ultra Low Sulfur Diesel,Refined Products,2416.09,3.2,A. Johnson,False,False,False,3.2,False,False,False,7731.488000000001
ORD-2024033,2024-02-19,CUST-004,Houston Petrochem Inc.,LUBR-SYN5,Synthetic Motor Oil 5W-30,Lubricants,3329.02,18.75,J. Martinez,False,False,False,18.75,False,False,False,62419.125
ORD-2024034,2024-12-10,CUST-008,Midland Energy Services,LUBR-SYN5,Synthetic Motor Oil 5W-30,Lubricants,3301.93,18.75,J. Martinez,False,False,False,18.75,False,False,False,61911.1875
ORD-2024035,2024-02-25,CUST-007,Bayou City Fuel Dist.,CRUDE-WTI,crude_oil_wti_OLD,Crude Oil,1318.42,78.5,T. Williams,False,False,False,78.5,False,False,True,103495.97
ORD-2024036,2024-05-22,CUST-007,Bayou City Fuel Dist.,NAT-GAS-001,Natural Gas,Natural Gas,2366.88,2.85,S. Patel,False,False,False,2.85,False,False,False,6745.608
ORD-2024037,2024-02-20,CUST-008,Midland Energy Services,CRUDE-BRENT,Crude Oil Brent,Crude Oil,347.88,82.3,A. Johnson,False,False,False,82.3,False,False,False,28630.523999999998
ORD-2024038,2024-03-26,CUST-002,Gulf Coast Refinery LLC,CRUDE-WTI,Crude Oil WTI,Crude Oil,2091.43,78.5,S. Patel,False,False,False,78.5,False,False,False,164177.25499999998
ORD-2024039,2024-07-13,CUST-001,Permian Basin Drilling Co.,LUBR-SYN5,Synthetic Motor Oil 5W-30,Lubricants,110.56,18.75,S. Patel,False,False,False,18.75,False,False,False,2073.0
ORD-2024040,2024-12-22,CUST-005,Lone Star Pipeline Corp.,PROP-LPG,Propane LPG,LPG,4790.86,1.15,R. Chen,False,False,False,1.15,False,False,False,5509.489
ORD-2024041,2024-04-07,CUST-008,Midland Energy Services,HEAT-OIL,Heating Oil No.2,Refined Products,1553.87,3.1,S. Patel,False,False,False,3.1,False,False,False,4816.996999999999
ORD-2024042,2024-01-30,CUST-001,Permian Basin Drilling Co.,GASOLINE-87,Gasoline 87 Octane,Refined Products,345.7,2.95,T. Williams,False,False,False,2.95,False,False,False,1019.815
ORD-2024043,2024-09-17,CUST-003,Texas Energy Partners,HEAT-OIL,heating_oil_no.2_x,Refined Products,492.55,3.1,J. Martinez,False,False,False,3.1,False,False,True,1526.905
ORD-2024044,2024-03-02,CUST-004,Houston Petrochem Inc.,CRUDE-BRENT,Crude Oil Brent,Crude Oil,4713.82,82.3,R. Chen,False,False,False,82.3,False,False,False,387947.38599999994
ORD-2024045,2024-02-11,CUST-001,Permian Basin Drilling Co.,GASOLINE-87,Gasoline 87 Octane,Refined Products,2154.2,2.95,A. Johnson,False,False,False,2.95,False,False,False,6354.889999999999
ORD-2024046,2024-04-14,CUST-006,Eagle Ford Resources,HEAT-OIL,Heating Oil No.2,Refined Products,3381.66,3.1,T. Williams,False,False,False,3.1,False,False,False,10483.146
ORD-2024047,2024-12-09,CUST-007,Bayou City Fuel Dist.,JET-A1,Jet Fuel A-1,Refined Products,3262.95,3.45,S. Patel,False,False,False,3.45,False,False,False,11257.1775
ORD-2024048,2024-11-14,CUST-001,Permian Basin Drilling Co.,CRUDE-BRENT,Crude Oil Brent,Crude Oil,4992.43,82.3,R. Chen,False,False,False,82.3,False,False,False,410876.989
ORD-2024049,2024-05-15,CUST-004,Houston Petrochem Inc.,CRUDE-BRENT,Crude Oil Brent,Crude Oil,749.04,82.3,A. Johnson,False,False,False,82.3,False,False,False,61645.992
ORD-2024050,2024-05-25,CUST-004,Houston Petrochem Inc.,CRUDE-BRENT,Crude Oil Brent,Crude Oil,872.96,82.3,T. Williams,False,False,False,82.3,False,False,False,71844.60800000001
ORD-2024051,2024-06-02,CUST-001,Permian Basin Drilling Co.,JET-A1,Jet Fuel A-1,Refined Products,4665.6,,A. Johnson,False,True,False,3.45,False,False,False,
ORD-2024052,2024-02-24,CUST-005,Lone Star Pipeline Corp.,NAT-GAS-001,Natural Gas,Natural Gas,-3737.84,2.85,J. Martinez,False,False,True,2.85,False,False,False,-10652.844000000001
ORD-2024053,2024-04-14,CUST-004,Houston Petrochem Inc.,JET-A1,Jet Fuel A-1,Refined Products,3468.74,3.45,T. Williams,False,False,False,3.45,False,False,False,11967.153
ORD-2024054,2024-01-27,CUST-008,Midland Energy Services,HEAT-OIL,Heating Oil No.2,Refined Products,552.26,3.1,T. Williams,False,False,False,3.1,False,False,False,1712.006
ORD-2024055,2024-06-19,CUST-001,Permian Basin Drilling Co.,JET-A1,Jet Fuel A-1,Refined Products,3878.48,3.45,J. Martinez,False,False,False,3.45,False,False,False,13380.756000000001
ORD-2024056,2024-10-09,CUST-003,Texas Energy Partners,JET-A1,Jet Fuel A-1,Refined Products,3557.77,3.45,R. Chen,False,False,False,3.45,False,False,False,12274.3065
ORD-2024057,2024-10-06,CUST-002,Gulf Coast Refinery LLC,CRUDE-BRENT,Crude Oil Brent,Crude Oil,276.54,82.3,S. Patel,False,False,False,82.3,False,False,False,22759.242000000002
ORD-2024058,2024-03-06,CUST-003,Texas Energy Partners,HEAT-OIL,Heating Oil No.2,Refined Products,304.96,3.1,R. Chen,False,False,False,3.1,False,False,False,945.376
ORD-2024059,2024-12-15,CUST-006,Eagle Ford Resources,CRUDE-WTI,Crude Oil WTI,Crude Oil,1322.7,,S. Patel,False,True,False,78.5,False,False,False,
ORD-2024060,2024-03-20,,Bayou City Fuel Dist.,HEAT-OIL,Heating Oil No.2,Refined Products,4636.24,3.1,A. Johnson,False,False,False,3.1,False,True,False,14372.344
ORD-2024061,2024-01-13,CUST-003,Texas Energy Partners,NAT-GAS-001,Natural Gas,Natural Gas,978.87,2.85,R. Chen,False,False,False,2.85,False,False,False,2789.7795
ORD-2024062,2024-03-22,CUST-004,Houston Petrochem Inc.,LUBR-SYN5,Synthetic Motor Oil 5W-30,Lubricants,3958.14,,T. Williams,False,True,False,18.75,False,False,False,
ORD-2024063,2024-04-12,CUST-008,Midland Energy Services,CRUDE-WTI,Crude Oil WTI,Crude Oil,4101.27,78.5,S. Patel,False,False,False,78.5,False,False,False,321949.695
ORD-2024064,2024-01-13,CUST-004,Houston Petrochem Inc.,JET-A1,Jet Fuel A-1,Refined Products,3334.16,3.45,S. Patel,False,False,False,3.45,False,False,False,11502.852
ORD-2024065,2024-06-28,CUST-002,Gulf Coast Refinery LLC,JET-A1,Jet Fuel A-1,Refined Products,3243.26,3.45,T. Williams,False,False,False,3.45,False,False,False,11189.247000000001
ORD-2024066,2024-02-29,,Eagle Ford Resources,HEAT-OIL,Heating Oil No.2,Refined Products,4397.49,3.1,J. Martinez,False,False,False,3.1,False,True,False,13632.219
ORD-2024067,2024-02-25,CUST-005,Lone Star Pipeline Corp.,GASOLINE-87,Gasoline 87 Octane,Refined Products,3023.2,2.95,J. Martinez,False,False,False,2.95,False,False,False,8918.44
ORD-2024068,2024-09-18,CUST-007,Bayou City Fuel Dist.,LUBR-HD40,Heavy Duty Lubricant 40W,Lubricants,666.66,12.5,A. Johnson,False,False,False,12.5,False,False,False,8333.25
ORD-2024069,2024-12-28,CUST-005,Lone Star Pipeline Corp.,DIESEL-ULS,Ultra Low Sulfur Diesel,Refined Products,2236.68,3.2,J. Martinez,False,False,False,3.2,False,False,False,7157.376
ORD-2024070,2024-08-08,CUST-004,Houston Petrochem Inc.,HEAT-OIL,Heating Oil No.2,Refined Products,442.87,3.1,T. Williams,False,False,False,3.1,False,False,False,1372.8970000000002
ORD-2024071,2024-06-02,CUST-006,Eagle Ford Resources,LUBR-HD40,Heavy Duty Lubricant 40W,Lubricants,2584.9,12.5,J. Martinez,False,False,False,12.5,False,False,False,32311.25
ORD-2024072,2024-10-10,CUST-007,Bayou City Fuel Dist.,LUBR-HD40,Heavy Duty Lubricant 40W,Lubricants,723.71,12.5,T. Williams,False,False,False,12.5,False,False,False,9046.375
ORD-2024073,2024-10-18,CUST-003,Texas Energy Partners,LUBR-SYN5,Synthetic Motor Oil 5W-30,Lubricants,1574.65,18.75,A. Johnson,False,False,False,18.75,False,False,False,29524.6875
ORD-2024074,2024-04-17,CUST-005,Lone Star Pipeline Corp.,CRUDE-WTI,Crude Oil WTI,Crude Oil,2206.45,78.5,T. Williams,False,False,False,78.5,False,False,False,173206.32499999998
ORD-2024075,2024-08-14,CUST-008,Midland Energy Services,LUBR-HD40,Heavy Duty Lubricant 40W,Lubricants,3410.57,12.5,R. Chen,False,False,False,12.5,False,False,False,42632.125
ORD-2024076,2024-09-20,CUST-002,Gulf Coast Refinery LLC,NAT-GAS-001,Natural Gas,Natural Gas,3352.88,2.85,T. Williams,False,False,False,2.85,False,False,False,9555.708
ORD-2024077,2024-04-25,CUST-004,Houston Petrochem Inc.,CRUDE-BRENT,Crude Oil Brent,Crude Oil,-4052.16,82.3,T. Williams,False,False,True,82.3,False,False,False,-333492.768
ORD-2024078,2024-11-08,CUST-004,Houston Petrochem Inc.,CRUDE-WTI,Crude Oil WTI,Crude Oil,4263.71,,R. Chen,False,True,False,78.5,False,False,False,
ORD-2024079,2024-09-10,CUST-004,Houston Petrochem Inc.,LUBR-SYN5,Synthetic Motor Oil 5W-30,Lubricants,-2058.3,18.75,R. Chen,False,False,True,18.75,False,False,False,-38593.125
ORD-2024080,2024-04-22,CUST-002,Gulf Coast Refinery LLC,CRUDE-WTI,Crude Oil WTI,Crude Oil,961.84,78.5,R. Chen,False,False,False,78.5,False,False,False,75504.44
ORD-2024081,2024-10-12,CUST-008,Midland Energy Services,HEAT-OIL,Heating Oil No.2,Refined Products,1321.07,3.1,J. Martinez,False,False,False,3.1,False,False,False,4095.317
ORD-2024082,2024-12-07,CUST-003,Texas Energy Partners,PROP-LPG,Propane LPG,LPG,2702.55,1.15,R. Chen,False,False,False,1.15,False,False,False,3107.9325
ORD-2024083,2024-09-15,CUST-008,Midland Energy Services,LUBR-HD40,Heavy Duty Lubricant 40W,Lubricants,2191.03,12.5,A. Johnson,False,False,False,12.5,False,False,False,27387.875000000004
ORD-2024084,2024-08-18,,Texas Energy Partners,PROP-LPG,Propane LPG,LPG,1370.04,1.15,R. Chen,False,False,False,1.15,False,True,False,1575.5459999999998
ORD-2024085,2024-05-20,CUST-008,Midland Energy Services,JET-A1,Jet Fuel A-1,Refined Products,2255.38,3.45,S. Patel,False,False,False,3.45,False,False,False,7781.061000000001
ORD-2024086,2024-06-12,CUST-005,Lone Star Pipeline Corp.,DIESEL-ULS,Ultra Low Sulfur Diesel,Refined Products,4475.83,,T. Williams,False,True,False,3.2,False,False,False,
ORD-2024087,2024-12-21,CUST-004,Houston Petrochem Inc.,NAT-GAS-001,natural_gas_OLD,Natural Gas,848.75,2.85,R. Chen,False,False,False,2.85,False,False,True,2418.9375
ORD-2024088,2024-08-26,CUST-006,Eagle Ford Resources,LUBR-SYN5,synthetic_motor_oil_5w-30_OLD,Lubricants,2137.29,18.75,A. Johnson,False,False,False,18.75,False,False,True,40074.1875
ORD-2024089,2024-07-13,CUST-001,Permian Basin Drilling Co.,LUBR-SYN5,Synthetic Motor Oil 5W-30,Lubricants,2437.2,18.75,A. Johnson,False,False,False,18.75,False,False,False,45697.5
ORD-2024090,2024-10-02,CUST-007,Bayou City Fuel Dist.,JET-A1,Jet Fuel A-1,Refined Products,3762.83,3.45,R. Chen,False,False,False,3.45,False,False,False,12981.763500000001
ORD-2024091,2024-04-22,CUST-004,Houston Petrochem Inc.,GASOLINE-87,Gasoline 87 Octane,Refined Products,1437.38,2.95,R. Chen,False,False,False,2.95,False,False,False,4240.271000000001
ORD-2024092,2024-03-25,CUST-006,Eagle Ford Resources,LUBR-SYN5,Synthetic Motor Oil 5W-30,Lubricants,4218.48,18.75,R. Chen,False,False,False,18.75,False,False,False,79096.49999999999
ORD-2024093,2024-10-30,CUST-001,Permian Basin Drilling Co.,GASOLINE-87,Gasoline 87 Octane,Refined Products,2865.52,2.95,R. Chen,True,False,False,2.95,False,False,False,8453.284
ORD-2024093,2024-10-30,CUST-001,Permian Basin Drilling Co.,GASOLINE-87,Gasoline 87 Octane,Refined Products,2865.52,2.95,R. Chen,True,False,False,2.95,False,False,False,8453.284
ORD-2024094,2024-04-03,CUST-003,Texas Energy Partners,LUBR-SYN5,Synthetic Motor Oil 5W-30,Lubricants,346.39,18.75,R. Chen,False,False,False,18.75,False,False,False,6494.8125
ORD-2024095,2024-06-21,CUST-008,Midland Energy Services,DIESEL-ULS,Ultra Low Sulfur Diesel,Refined Products,3830.03,3.2,T. Williams,False,False,False,3.2,False,False,False,12256.096000000001
ORD-2024096,2024-08-28,CUST-005,Lone Star Pipeline Corp.,LUBR-SYN5,Synthetic Motor Oil 5W-30,Lubricants,194.98,18.75,J. Martinez,False,False,False,18.75,False,False,False,3655.875
ORD-2024097,2024-11-29,CUST-004,Houston Petrochem Inc.,LUBR-HD40,Heavy Duty Lubricant 40W,Lubricants,297.26,12.5,J. Martinez,True,False,False,12.5,False,False,False,3715.75
ORD-2024097,2024-11-29,CUST-004,Houston Petrochem Inc.,LUBR-HD40,Heavy Duty Lubricant 40W,Lubricants,297.26,12.5,J. Martinez,True,False,False,12.5,False,False,False,3715.75
ORD-2024098,2024-11-14,CUST-004,Houston Petrochem Inc.,DIESEL-ULS,Ultra Low Sulfur Diesel,Refined Products,-846.67,3.2,J. Martinez,False,False,True,3.2,False,False,False,-2709.344
ORD-2024099,2024-12-24,CUST-004,Houston Petrochem Inc.,CRUDE-BRENT,Crude Oil Brent,Crude Oil,1355.59,82.3,R. Chen,False,False,False,82.3,False,False,False,111565.05699999999
ORD-2024100,2024-06-08,CUST-002,Gulf Coast Refinery LLC,GASOLINE-87,Gasoline 87 Octane,Refined Products,629.68,2.95,S. Patel,True,False,False,2.95,False,False,False,1857.556
ORD-2024100,2024-06-08,CUST-002,Gulf Coast Refinery LLC,GASOLINE-87,Gasoline 87 Octane,Refined Products,629.68,2.95,S. Patel,True,False,False,2.95,False,False,False,1857.556
ORD-2024101,2024-04-11,CUST-007,Bayou City Fuel Dist.,JET-A1,Jet Fuel A-1,Refined Products,472.38,3.45,R. Chen,False,False,False,3.45,False,False,False,1629.711
ORD-2024102,2024-12-16,CUST-002,Gulf Coast Refinery LLC,DIESEL-ULS,Ultra Low Sulfur Diesel,Refined Products,-3042.02,3.2,T. Williams,False,False,True,3.2,False,False,False,-9734.464
ORD-2024103,2024-09-29,CUST-001,Permian Basin Drilling Co.,GASOLINE-87,Gasoline 87 Octane,Refined Products,2199.05,2.95,T. Williams,False,False,False,2.95,False,False,False,6487.197500000001
ORD-2024104,2024-08-03,CUST-006,Eagle Ford Resources,HEAT-OIL,Heating Oil No.2,Refined Products,4129.42,,J. Martinez,False,True,False,3.1,False,False,False,
ORD-2024105,2024-08-10,CUST-008,Midland Energy Services,LUBR-HD40,Heavy Duty Lubricant 40W,Lubricants,963.07,12.5,S. Patel,False,False,False,12.5,False,False,False,12038.375
ORD-2024106,2024-08-11,CUST-008,Midland Energy Services,JET-A1,Jet Fuel A-1,Refined Products,4146.1,3.45,R. Chen,False,False,False,3.45,False,False,False,14304.045000000002
ORD-2024107,2024-05-22,,Houston Petrochem Inc.,LUBR-HD40,Heavy Duty Lubricant 40W,Lubricants,4419.99,12.5,J. Martinez,False,False,False,12.5,False,True,False,55249.875
ORD-2024108,2024-01-15,CUST-007,Bayou City Fuel Dist.,PROP-LPG,Propane LPG,LPG,2522.1,1.15,T. Williams,False,False,False,1.15,False,False,False,2900.4149999999995
ORD-2024109,2024-05-12,CUST-004,Houston Petrochem Inc.,PROP-LPG,Propane LPG,LPG,1767.66,1.15,T. Williams,False,False,False,1.15,False,False,False,2032.809
ORD-2024110,2024-04-07,CUST-001,Permian Basin Drilling Co.,JET-A1,Jet Fuel A-1,Refined Products,519.5,3.45,A. Johnson,False,False,False,3.45,False,False,False,1792.275
ORD-2024111,2024-11-26,CUST-004,Houston Petrochem Inc.,PROP-LPG,Propane LPG,LPG,3588.03,1.15,R. Chen,False,False,False,1.15,False,False,False,4126.2345
ORD-2024112,2024-04-23,,Gulf Coast Refinery LLC,CRUDE-WTI,Crude Oil WTI,Crude Oil,2081.57,78.5,T. Williams,False,False,False,78.5,False,True,False,163403.24500000002
ORD-2024113,2024-10-10,CUST-006,Eagle Ford Resources,GASOLINE-87,Gasoline 87 Octane,Refined Products,2701.52,2.95,R. Chen,False,False,False,2.95,False,False,False,7969.484
ORD-2024114,2024-12-25,CUST-006,Eagle Ford Resources,HEAT-OIL,Heating Oil No.2,Refined Products,2323.35,31.0,T. Williams,False,False,False,3.1,True,False,False,72023.84999999999
ORD-2024115,2024-03-02,CUST-004,Houston Petrochem Inc.,CRUDE-BRENT,Crude Oil Brent,Crude Oil,3740.12,82.3,T. Williams,False,False,False,82.3,False,False,False,307811.876
ORD-2024116,2024-09-04,CUST-004,Houston Petrochem Inc.,NAT-GAS-001,Natural Gas,Natural Gas,1454.85,2.85,S. Patel,False,False,False,2.85,False,False,False,4146.3225
ORD-2024117,2024-04-09,CUST-005,Lone Star Pipeline Corp.,HEAT-OIL,Heating Oil No.2,Refined Products,1551.61,3.1,J. Martinez,False,False,False,3.1,False,False,False,4809.991
ORD-2024118,2024-03-05,CUST-001,Permian Basin Drilling Co.,JET-A1,Jet Fuel A-1,Refined Products,1444.13,3.45,A. Johnson,False,False,False,3.45,False,False,False,4982.248500000001
ORD-2024119,2024-11-22,CUST-005,Lone Star Pipeline Corp.,HEAT-OIL,Heating Oil No.2,Refined Products,4355.46,3.1,S. Patel,False,False,False,3.1,False,False,False,13501.926000000001
ORD-2024120,2024-09-02,CUST-005,Lone Star Pipeline Corp.,CRUDE-WTI,crude_oil_wti_v2,Crude Oil,2258.3,78.5,R. Chen,False,False,False,78.5,False,False,True,177276.55000000002
ORD-2024121,2024-02-03,CUST-008,Midland Energy Services,JET-A1,Jet Fuel A-1,Refined Products,2063.47,,J. Martinez,False,True,False,3.45,False,False,False,
ORD-2024122,2024-10-15,CUST-003,Texas Energy Partners,CRUDE-WTI,Crude Oil WTI,Crude Oil,4750.72,,S. Patel,False,True,False,78.5,False,False,False,
ORD-2024123,2024-08-01,CUST-002,Gulf Coast Refinery LLC,DIESEL-ULS,Ultra Low Sulfur Diesel,Refined Products,3070.96,3.2,A. Johnson,False,False,False,3.2,False,False,False,9827.072
ORD-2024124,2024-08-14,CUST-007,Bayou City Fuel Dist.,DIESEL-ULS,Ultra Low Sulfur Diesel,Refined Products,1557.03,3.2,R. Chen,False,False,False,3.2,False,False,False,4982.496
ORD-2024125,2024-11-13,CUST-005,Lone Star Pipeline Corp.,LUBR-SYN5,Synthetic Motor Oil 5W-30,Lubricants,395.13,18.75,A. Johnson,False,False,False,18.75,False,False,False,7408.6875
ORD-2024126,2024-05-15,CUST-004,Houston Petrochem Inc.,CRUDE-BRENT,Crude Oil Brent,Crude Oil,-3336.1,82.3,S. Patel,False,False,True,82.3,False,False,False,-274561.02999999997
ORD-2024127,2024-01-02,CUST-002,Gulf Coast Refinery LLC,NAT-GAS-001,Natural Gas,Natural Gas,2101.74,2.85,S. Patel,False,False,False,2.85,False,False,False,5989.959
ORD-2024128,2024-04-28,CUST-005,Lone Star Pipeline Corp.,PROP-LPG,Propane LPG,LPG,1511.71,115.0,J. Martinez,False,False,False,1.15,True,False,False,173846.65
ORD-2024129,2024-11-16,CUST-004,Houston Petrochem Inc.,CRUDE-BRENT,Crude Oil Brent,Crude Oil,2989.97,82.3,T. Williams,False,False,False,82.3,False,False,False,246074.531
ORD-2024130,2024-10-05,CUST-007,Bayou City Fuel Dist.,DIESEL-ULS,Ultra Low Sulfur Diesel,Refined Products,-1201.57,3.2,J. Martinez,False,False,True,3.2,False,False,False,-3845.024
ORD-2024131,2024-01-31,CUST-003,Texas Energy Partners,JET-A1,Jet Fuel A-1,Refined Products,913.02,0.0345,J. Martinez,False,False,False,3.45,True,False,False,31.499190000000002
ORD-2024132,2024-03-04,CUST-005,Lone Star Pipeline Corp.,GASOLINE-87,Gasoline 87 Octane,Refined Products,2396.62,295.0,R. Chen,False,False,False,2.95,True,False,False,707002.9
ORD-2024133,2024-02-11,CUST-008,Midland Energy Services,JET-A1,Jet Fuel A-1,Refined Products,3030.38,3.45,R. Chen,False,False,False,3.45,False,False,False,10454.811000000002
ORD-2024134,2024-02-16,CUST-005,Lone Star Pipeline Corp.,LUBR-HD40,Heavy Duty Lubricant 40W,Lubricants,1221.73,12.5,J. Martinez,False,False,False,12.5,False,False,False,15271.625
ORD-2024135,2024-10-22,CUST-001,Permian Basin Drilling Co.,GASOLINE-87,Gasoline 87 Octane,Refined Products,297.14,2.95,T. Williams,False,False,False,2.95,False,False,False,876.563
ORD-2024136,2024-04-02,CUST-008,Midland Energy Services,PROP-LPG,Propane LPG,LPG,4985.03,1.15,T. Williams,False,False,False,1.15,False,False,False,5732.784499999999
ORD-2024137,2024-06-27,CUST-002,Gulf Coast Refinery LLC,PROP-LPG,Propane LPG,LPG,2100.91,1.15,R. Chen,False,False,False,1.15,False,False,False,2416.0464999999995
ORD-2024138,2024-07-29,CUST-003,Texas Energy Partners,CRUDE-BRENT,Crude Oil Brent,Crude Oil,3499.0,8230.0,T. Williams,False,False,False,82.3,True,False,False,28796770.0
ORD-2024139,2024-02-15,CUST-001,Permian Basin Drilling Co.,HEAT-OIL,Heating Oil No.2,Refined Products,1641.13,3.1,R. Chen,False,False,False,3.1,False,False,False,5087.503000000001
ORD-2024140,2024-08-24,CUST-001,Permian Basin Drilling Co.,LUBR-SYN5,synthetic_motor_oil_5w-30_OLD,Lubricants,2124.91,18.75,A. Johnson,False,False,False,18.75,False,False,True,39842.0625
ORD-2024141,2024-01-27,CUST-008,Midland Energy Services,GASOLINE-87,Gasoline 87 Octane,Refined Products,1097.44,2.95,R. Chen,False,False,False,2.95,False,False,False,3237.4480000000003
ORD-2024142,2024-03-03,CUST-008,Midland Energy Services,JET-A1,Jet Fuel A-1,Refined Products,241.46,3.45,R. Chen,False,False,False,3.45,False,False,False,833.037
ORD-2024143,2024-10-09,CUST-003,Texas Energy Partners,DIESEL-ULS,Ultra Low Sulfur Diesel,Refined Products,167.0,3.2,T. Williams,False,False,False,3.2,False,False,False,534.4
ORD-2024144,2024-03-01,CUST-002,Gulf Coast Refinery LLC,DIESEL-ULS,Ultra Low Sulfur Diesel,Refined Products,-3273.78,3.2,R. Chen,False,False,True,3.2,False,False,False,-10476.096000000001
ORD-2024145,2024-09-04,,Lone Star Pipeline Corp.,JET-A1,Jet Fuel A-1,Refined Products,4903.2,3.45,R. Chen,False,False,False,3.45,False,True,False,16916.04
ORD-2024146,2024-04-07,CUST-003,Texas Energy Partners,HEAT-OIL,Heating Oil No.2,Refined Products,4617.15,3.1,R. Chen,False,False,False,3.1,False,False,False,14313.164999999999
ORD-2024147,2024-07-31,CUST-002,Gulf Coast Refinery LLC,NAT-GAS-001,Natural Gas,Natural Gas,1765.39,2.85,T. Williams,False,False,False,2.85,False,False,False,5031.361500000001
ORD-2024148,2024-06-01,CUST-001,Permian Basin Drilling Co.,JET-A1,Jet Fuel A-1,Refined Products,4203.63,3.45,T. Williams,False,False,False,3.45,False,False,False,14502.523500000001
ORD-2024149,2024-10-02,CUST-003,Texas Energy Partners,PROP-LPG,Propane LPG,LPG,2473.27,1.15,R. Chen,False,False,False,1.15,False,False,False,2844.2605
ORD-2024150,2024-06-13,CUST-007,Bayou City Fuel Dist.,HEAT-OIL,Heating Oil No.2,Refined Products,4361.05,3.1,R. Chen,False,False,False,3.1,False,False,False,13519.255000000001
ORD-2024151,2024-07-29,CUST-007,Bayou City Fuel Dist.,DIESEL-ULS,Ultra Low Sulfur Diesel,Refined Products,313.87,3.2,S. Patel,False,False,False,3.2,False,False,False,1004.384
ORD-2024152,2024-09-10,CUST-007,Bayou City Fuel Dist.,LUBR-SYN5,Synthetic Motor Oil 5W-30,Lubricants,-4827.64,18.75,S. Patel,False,False,True,18.75,False,False,False,-90518.25
ORD-2024153,2024-08-13,CUST-006,Eagle Ford Resources,GASOLINE-87,Gasoline 87 Octane,Refined Products,588.59,2.95,J. Martinez,False,False,False,2.95,False,False,False,1736.3405000000002
ORD-2024154,2024-12-01,CUST-003,Texas Energy Partners,CRUDE-WTI,Crude Oil WTI,Crude Oil,4852.79,,R. Chen,False,True,False,78.5,False,False,False,
ORD-2024155,2024-12-20,CUST-006,Eagle Ford Resources,JET-A1,Jet Fuel A-1,Refined Products,2047.67,,A. Johnson,False,True,False,3.45,False,False,False,
ORD-2024156,2024-11-16,CUST-007,Bayou City Fuel Dist.,LUBR-HD40,Heavy Duty Lubricant 40W,Lubricants,3621.72,12.5,T. Williams,False,False,False,12.5,False,False,False,45271.5
ORD-2024157,2024-02-05,CUST-001,Permian Basin Drilling Co.,HEAT-OIL,Heating Oil No.2,Refined Products,1250.37,3.1,A. Johnson,False,False,False,3.1,False,False,False,3876.147
ORD-2024158,2024-08-10,CUST-004,Houston Petrochem Inc.,JET-A1,Jet Fuel A-1,Refined Products,4893.85,3.45,J. Martinez,False,False,False,3.45,False,False,False,16883.7825
ORD-2024159,2024-12-21,CUST-008,Midland Energy Services,CRUDE-BRENT,Crude Oil Brent,Crude Oil,1567.38,82.3,S. Patel,True,False,False,82.3,False,False,False,128995.37400000001
ORD-2024159,2024-12-21,CUST-008,Midland Energy Services,CRUDE-BRENT,Crude Oil Brent,Crude Oil,1567.38,82.3,S. Patel,True,False,False,82.3,False,False,False,128995.37400000001
ORD-2024160,2024-07-02,CUST-001,Permian Basin Drilling Co.,LUBR-HD40,Heavy Duty Lubricant 40W,Lubricants,-1936.72,12.5,T. Williams,False,False,True,12.5,False,False,False,-24209.0
ORD-2024161,2024-12-15,CUST-007,Bayou City Fuel Dist.,HEAT-OIL,Heating Oil No.2,Refined Products,-3983.35,3.1,A. Johnson,False,False,True,3.1,False,False,False,-12348.385
ORD-2024162,2024-12-15,CUST-007,Bayou City Fuel Dist.,CRUDE-BRENT,Crude Oil Brent,Crude Oil,1280.07,82.3,A. Johnson,False,False,False,82.3,False,False,False,105349.76099999998
ORD-2024163,2024-11-22,,Houston Petrochem Inc.,NAT-GAS-001,Natural Gas,Natural Gas,1344.49,2.85,R. Chen,False,False,False,2.85,False,True,False,3831.7965
ORD-2024164,2024-12-12,CUST-008,Midland Energy Services,CRUDE-WTI,Crude Oil WTI,Crude Oil,2778.33,,T. Williams,False,True,False,78.5,False,False,False,
ORD-2024165,2024-12-19,CUST-005,Lone Star Pipeline Corp.,LUBR-HD40,Heavy Duty Lubricant 40W,Lubricants,1325.48,12.5,R. Chen,False,False,False,12.5,False,False,False,16568.5
ORD-2024166,2024-02-24,CUST-007,Bayou City Fuel Dist.,DIESEL-ULS,Ultra Low Sulfur Diesel,Refined Products,1262.31,3.2,R. Chen,False,False,False,3.2,False,False,False,4039.392
ORD-2024167,2024-01-12,CUST-005,Lone Star Pipeline Corp.,GASOLINE-87,Gasoline 87 Octane,Refined Products,4891.93,2.95,T. Williams,False,False,False,2.95,False,False,False,14431.193500000001
ORD-2024168,2024-12-17,CUST-001,Permian Basin Drilling Co.,JET-A1,Jet Fuel A-1,Refined Products,3913.73,3.45,A. Johnson,False,False,False,3.45,False,False,False,13502.3685
ORD-2024169,2024-04-27,CUST-008,Midland Energy Services,GASOLINE-87,Gasoline 87 Octane,Refined Products,3074.62,2.95,T. Williams,False,False,False,2.95,False,False,False,9070.129
ORD-2024170,2024-11-17,CUST-005,Lone Star Pipeline Corp.,DIESEL-ULS,Ultra Low Sulfur Diesel,Refined Products,576.1,3.2,S. Patel,False,False,False,3.2,False,False,False,1843.5200000000002
ORD-2024171,2024-01-18,CUST-005,Lone Star Pipeline Corp.,CRUDE-WTI,Crude Oil WTI,Crude Oil,2939.91,78.5,R. Chen,False,False,False,78.5,False,False,False,230782.935
ORD-2024172,2024-07-31,CUST-005,Lone Star Pipeline Corp.,CRUDE-BRENT,Crude Oil Brent,Crude Oil,-960.64,82.3,T. Williams,False,False,True,82.3,False,False,False,-79060.67199999999
ORD-2024173,2024-09-13,CUST-006,Eagle Ford Resources,HEAT-OIL,Heating Oil No.2,Refined Products,4576.09,3.1,A. Johnson,False,False,False,3.1,False,False,False,14185.879
ORD-2024174,2024-06-22,CUST-008,Midland Energy Services,JET-A1,Jet Fuel A-1,Refined Products,4040.74,3.45,T. Williams,False,False,False,3.45,False,False,False,13940.553
ORD-2024175,2024-12-12,CUST-003,Texas Energy Partners,CRUDE-BRENT,Crude Oil Brent,Crude Oil,3648.66,82.3,S. Patel,False,False,False,82.3,False,False,False,300284.718
ORD-2024176,2024-07-21,CUST-006,Eagle Ford Resources,HEAT-OIL,Heating Oil No.2,Refined Products,168.2,3.1,J. Martinez,False,False,False,3.1,False,False,False,521.42
ORD-2024177,2024-10-26,CUST-006,Eagle Ford Resources,PROP-LPG,Propane LPG,LPG,1967.02,1.15,T. Williams,False,False,False,1.15,False,False,False,2262.073
ORD-2024178,2024-08-29,CUST-002,Gulf Coast Refinery LLC,LUBR-HD40,Heavy Duty Lubricant 40W,Lubricants,222.62,12.5,S. Patel,False,False,False,12.5,False,False,False,2782.75
ORD-2024179,2024-04-23,CUST-006,Eagle Ford Resources,HEAT-OIL,Heating Oil No.2,Refined Products,3273.5,3.1,A. Johnson,False,False,False,3.1,False,False,False,10147.85
ORD-2024180,2024-02-29,CUST-005,Lone Star Pipeline Corp.,PROP-LPG,Propane LPG,LPG,784.91,1.15,R. Chen,False,False,False,1.15,False,False,False,902.6465
ORD-2024181,2024-02-19,CUST-008,Midland Energy Services,JET-A1,Jet Fuel A-1,Refined Products,1250.52,3.45,J. Martinez,False,False,False,3.45,False,False,False,4314.294
ORD-2024182,2024-12-09,CUST-008,Midland Energy Services,LUBR-SYN5,Synthetic Motor Oil 5W-30,Lubricants,4751.97,18.75,T. Williams,False,False,False,18.75,False,False,False,89099.4375
ORD-2024183,2024-03-20,CUST-007,Bayou City Fuel Dist.,HEAT-OIL,Heating Oil No.2,Refined Products,4438.53,3.1,A. Johnson,False,False,False,3.1,False,False,False,13759.443
ORD-2024184,2024-01-17,CUST-007,Bayou City Fuel Dist.,PROP-LPG,propane_lpg_OLD,LPG,3482.38,1.15,T. Williams,False,False,False,1.15,False,False,True,4004.7369999999996
ORD-2024185,2024-12-17,CUST-006,Eagle Ford Resources,DIESEL-ULS,Ultra Low Sulfur Diesel,Refined Products,1899.94,3.2,J. Martinez,False,False,False,3.2,False,False,False,6079.808000000001
ORD-2024186,2024-05-21,CUST-001,Permian Basin Drilling Co.,LUBR-HD40,Heavy Duty Lubricant 40W,Lubricants,-1030.06,12.5,R. Chen,False,False,True,12.5,False,False,False,-12875.75
ORD-2024187,2024-11-24,CUST-002,Gulf Coast Refinery LLC,PROP-LPG,Propane LPG,LPG,3233.52,1.15,S. Patel,False,False,False,1.15,False,False,False,3718.548
ORD-2024188,2024-03-05,CUST-006,Eagle Ford Resources,CRUDE-WTI,crude_oil_wti_x,Crude Oil,3956.19,78.5,S. Patel,False,False,False,78.5,False,False,True,310560.915
ORD-2024189,2024-06-17,CUST-004,Houston Petrochem Inc.,DIESEL-ULS,Ultra Low Sulfur Diesel,Refined Products,3894.41,3.2,S. Patel,False,False,False,3.2,False,False,False,12462.112000000001
ORD-2024190,2024-03-15,CUST-001,Permian Basin Drilling Co.,GASOLINE-87,Gasoline 87 Octane,Refined Products,4938.88,2.95,T. Williams,False,False,False,2.95,False,False,False,14569.696000000002
ORD-2024191,2024-03-08,CUST-002,Gulf Coast Refinery LLC,NAT-GAS-001,Natural Gas,Natural Gas,172.82,2.85,J. Martinez,False,False,False,2.85,False,False,False,492.537
ORD-2024192,2024-03-30,CUST-006,Eagle Ford Resources,DIESEL-ULS,Ultra Low Sulfur Diesel,Refined Products,-1400.3,3.2,J. Martinez,False,False,True,3.2,False,False,False,-4480.96
ORD-2024193,2024-08-31,CUST-002,Gulf Coast Refinery LLC,LUBR-SYN5,Synthetic Motor Oil 5W-30,Lubricants,2296.55,18.75,J. Martinez,False,False,False,18.75,False,False,False,43060.3125
ORD-2024194,2024-09-14,CUST-002,Gulf Coast Refinery LLC,GASOLINE-87,Gasoline 87 Octane,Refined Products,1185.59,2.95,R. Chen,False,False,False,2.95,False,False,False,3497.4905
ORD-2024195,2024-11-25,CUST-005,Lone Star Pipeline Corp.,HEAT-OIL,Heating Oil No.2,Refined Products,4823.73,,R. Chen,False,True,False,3.1,False,False,False,
ORD-2024196,2024-12-17,CUST-007,Bayou City Fuel Dist.,PROP-LPG,Propane LPG,LPG,629.01,1.15,R. Chen,False,False,False,1.15,False,False,False,723.3615
ORD-2024197,2024-06-13,CUST-002,Gulf Coast Refinery LLC,PROP-LPG,Propane LPG,LPG,3080.66,,J. Martinez,False,True,False,1.15,False,False,False,
ORD-2024198,2024-11-01,CUST-006,Eagle Ford Resources,JET-A1,Jet Fuel A-1,Refined Products,2699.73,3.45,R. Chen,False,False,False,3.45,False,False,False,9314.068500000001
ORD-2024199,2024-12-25,CUST-007,Bayou City Fuel Dist.,GASOLINE-87,Gasoline 87 Octane,Refined Products,660.63,2.95,J. Martinez,False,False,False,2.95,False,False,False,1948.8585
ORD-2024200,2024-08-19,CUST-004,Houston Petrochem Inc.,HEAT-OIL,Heating Oil No.2,Refined Products,4451.65,3.1,R. Chen,False,False,False,3.1,False,False,False,13800.115
ORD-2024201,2024-02-18,CUST-007,Bayou City Fuel Dist.,PROP-LPG,Propane LPG,LPG,1631.49,1.15,R. Chen,False,False,False,1.15,False,False,False,1876.2134999999998
ORD-2024202,2024-12-17,CUST-006,Eagle Ford Resources,JET-A1,Jet Fuel A-1,Refined Products,4622.63,,S. Patel,False,True,False,3.45,False,False,False,
ORD-2024203,2024-02-19,CUST-002,Gulf Coast Refinery LLC,CRUDE-BRENT,Crude Oil Brent,Crude Oil,3748.49,82.3,R. Chen,False,False,False,82.3,False,False,False,308500.72699999996
ORD-2024204,2024-10-14,CUST-001,Permian Basin Drilling Co.,NAT-GAS-001,Natural Gas,Natural Gas,2852.25,2.85,A. Johnson,False,False,False,2.85,False,False,False,8128.9125
ORD-2024205,2024-01-27,CUST-006,Eagle Ford Resources,LUBR-SYN5,Synthetic Motor Oil 5W-30,Lubricants,4845.15,18.75,R. Chen,False,False,False,18.75,False,False,False,90846.5625
ORD-2024206,2024-09-16,CUST-002,Gulf Coast Refinery LLC,LUBR-HD40,Heavy Duty Lubricant 40W,Lubricants,1142.42,12.5,A. Johnson,False,False,False,12.5,False,False,False,14280.25
ORD-2024207,2024-10-11,CUST-002,Gulf Coast Refinery LLC,DIESEL-ULS,Ultra Low Sulfur Diesel,Refined Products,1901.05,3.2,T. Williams,False,False,False,3.2,False,False,False,6083.360000000001
ORD-2024208,2024-10-14,CUST-004,Houston Petrochem Inc.,GASOLINE-87,Gasoline 87 Octane,Refined Products,4875.28,2.95,R. Chen,False,False,False,2.95,False,False,False,14382.076000000001
ORD-2024209,2024-12-02,,Permian Basin Drilling Co.,GASOLINE-87,Gasoline 87 Octane,Refined Products,4164.36,2.95,A. Johnson,False,False,False,2.95,False,True,False,12284.862
ORD-2024210,2024-06-22,CUST-005,Lone Star Pipeline Corp.,NAT-GAS-001,natural_gas_v2,Natural Gas,1820.01,2.85,T. Williams,False,False,False,2.85,False,False,True,5187.0285
ORD-2024211,2024-03-13,CUST-007,Bayou City Fuel Dist.,GASOLINE-87,Gasoline 87 Octane,Refined Products,3730.75,2.95,J. Martinez,False,False,False,2.95,False,False,False,11005.712500000001
ORD-2024212,2024-08-02,CUST-004,Houston Petrochem Inc.,CRUDE-BRENT,Crude Oil Brent,Crude Oil,-2322.86,82.3,R. Chen,False,False,True,82.3,False,False,False,-191171.378
ORD-2024213,2024-11-01,CUST-006,Eagle Ford Resources,JET-A1,Jet Fuel A-1,Refined Products,516.29,3.45,A. Johnson,True,False,False,3.45,False,False,False,1781.2005
ORD-2024213,2024-11-01,CUST-006,Eagle Ford Resources,JET-A1,Jet Fuel A-1,Refined Products,516.29,3.45,A. Johnson,True,False,False,3.45,False,False,False,1781.2005
ORD-2024214,2024-05-19,CUST-001,Permian Basin Drilling Co.,NAT-GAS-001,Natural Gas,Natural Gas,2271.25,2.85,J. Martinez,False,False,False,2.85,False,False,False,6473.0625
ORD-2024215,2024-05-19,CUST-008,Midland Energy Services,GASOLINE-87,Gasoline 87 Octane,Refined Products,1156.29,2.95,R. Chen,False,False,False,2.95,False,False,False,3411.0555
ORD-2024216,2024-05-25,CUST-007,Bayou City Fuel Dist.,LUBR-HD40,Heavy Duty Lubricant 40W,Lubricants,3423.27,12.5,J. Martinez,False,False,False,12.5,False,False,False,42790.875
ORD-2024217,2024-04-22,CUST-005,Lone Star Pipeline Corp.,HEAT-OIL,Heating Oil No.2,Refined Products,2036.79,3.1,J. Martinez,False,False,False,3.1,False,False,False,6314.049
ORD-2024218,2024-04-18,CUST-004,Houston Petrochem Inc.,CRUDE-WTI,Crude Oil WTI,Crude Oil,3860.01,78.5,T. Williams,False,False,False,78.5,False,False,False,303010.78500000003
ORD-2024219,2024-01-04,CUST-006,Eagle Ford Resources,JET-A1,Jet Fuel A-1,Refined Products,2537.19,3.45,J. Martinez,False,False,False,3.45,False,False,False,8753.3055
ORD-2024220,2024-12-26,CUST-007,Bayou City Fuel Dist.,NAT-GAS-001,Natural Gas,Natural Gas,1227.54,2.85,A. Johnson,False,False,False,2.85,False,False,False,3498.489
ORD-2024221,2024-01-22,CUST-002,Gulf Coast Refinery LLC,LUBR-HD40,Heavy Duty Lubricant 40W,Lubricants,2237.48,12.5,R. Chen,False,False,False,12.5,False,False,False,27968.5
ORD-2024222,2024-08-07,CUST-006,Eagle Ford Resources,CRUDE-BRENT,Crude Oil Brent,Crude Oil,2909.66,82.3,A. Johnson,False,False,False,82.3,False,False,False,239465.01799999998
ORD-2024223,2024-07-26,CUST-005,Lone Star Pipeline Corp.,LUBR-SYN5,Synthetic Motor Oil 5W-30,Lubricants,202.2,18.75,J. Martinez,False,False,False,18.75,False,False,False,3791.25
ORD-2024224,2024-02-15,CUST-008,Midland Energy Services,GASOLINE-87,Gasoline 87 Octane,Refined Products,2239.89,,T. Williams,False,True,False,2.95,False,False,False,
ORD-2024225,2024-02-10,CUST-007,Bayou City Fuel Dist.,LUBR-SYN5,Synthetic Motor Oil 5W-30,Lubricants,2039.26,18.75,A. Johnson,False,False,False,18.75,False,False,False,38236.125
ORD-2024226,2024-03-27,CUST-004,Houston Petrochem Inc.,LUBR-HD40,Heavy Duty Lubricant 40W,Lubricants,474.26,12.5,T. Williams,False,False,False,12.5,False,False,False,5928.25
ORD-2024227,2024-06-28,CUST-004,Houston Petrochem Inc.,HEAT-OIL,Heating Oil No.2,Refined Products,3664.16,3.1,T. Williams,False,False,False,3.1,False,False,False,11358.896
ORD-2024228,2024-03-15,CUST-004,Houston Petrochem Inc.,NAT-GAS-001,Natural Gas,Natural Gas,-1354.24,2.85,J. Martinez,False,False,True,2.85,False,False,False,-3859.5840000000003
ORD-2024229,2024-11-17,CUST-002,Gulf Coast Refinery LLC,NAT-GAS-001,Natural Gas,Natural Gas,2521.17,2.85,S. Patel,False,False,False,2.85,False,False,False,7185.334500000001
ORD-2024230,2024-11-25,CUST-008,Midland Energy Services,GASOLINE-87,Gasoline 87 Octane,Refined Products,3212.96,2.95,A. Johnson,False,False,False,2.95,False,False,False,9478.232
ORD-2024231,2024-02-04,CUST-003,Texas Energy Partners,LUBR-HD40,Heavy Duty Lubricant 40W,Lubricants,2397.71,12.5,R. Chen,False,False,False,12.5,False,False,False,29971.375
ORD-2024232,2024-09-16,CUST-001,Permian Basin Drilling Co.,JET-A1,Jet Fuel A-1,Refined Products,463.53,3.45,T. Williams,False,False,False,3.45,False,False,False,1599.1785
ORD-2024233,2024-05-26,CUST-001,Permian Basin Drilling Co.,CRUDE-WTI,Crude Oil WTI,Crude Oil,475.98,78.5,T. Williams,False,False,False,78.5,False,False,False,37364.43
ORD-2024234,2024-10-24,CUST-007,Bayou City Fuel Dist.,CRUDE-BRENT,Crude Oil Brent,Crude Oil,2816.15,82.3,R. Chen,False,False,False,82.3,False,False,False,231769.145
ORD-2024235,2024-11-29,CUST-008,Midland Energy Services,CRUDE-WTI,Crude Oil WTI,Crude Oil,1022.37,78.5,A. Johnson,False,False,False,78.5,False,False,False,80256.045
ORD-2024236,2024-08-18,CUST-003,Texas Energy Partners,HEAT-OIL,Heating Oil No.2,Refined Products,607.16,3.1,J. Martinez,False,False,False,3.1,False,False,False,1882.196
ORD-2024237,2024-11-26,,Gulf Coast Refinery LLC,LUBR-HD40,Heavy Duty Lubricant 40W,Lubricants,945.54,12.5,A. Johnson,False,False,False,12.5,False,True,False,11819.25
ORD-2024238,2024-09-24,CUST-008,Midland Energy Services,PROP-LPG,Propane LPG,LPG,3088.05,1.15,A. Johnson,False,False,False,1.15,False,False,False,3551.2574999999997
ORD-2024239,2024-06-22,CUST-007,Bayou City Fuel Dist.,JET-A1,Jet Fuel A-1,Refined Products,3426.6,3.45,R. Chen,True,False,False,3.45,False,False,False,11821.77
ORD-2024239,2024-06-22,CUST-007,Bayou City Fuel Dist.,JET-A1,Jet Fuel A-1,Refined Products,3426.6,3.45,R. Chen,True,False,False,3.45,False,False,False,11821.77
ORD-2024240,2024-02-18,CUST-002,Gulf Coast Refinery LLC,LUBR-HD40,Heavy Duty Lubricant 40W,Lubricants,2834.02,12.5,T. Williams,False,False,False,12.5,False,False,False,35425.25
ORD-2024241,2024-02-11,CUST-003,Texas Energy Partners,JET-A1,Jet Fuel A-1,Refined Products,-2955.42,3.45,T. Williams,False,False,True,3.45,False,False,False,-10196.199
ORD-2024242,2024-03-07,CUST-005,Lone Star Pipeline Corp.,LUBR-HD40,Heavy Duty Lubricant 40W,Lubricants,3015.7,12.5,R. Chen,False,False,False,12.5,False,False,False,37696.25
ORD-2024243,2024-03-06,CUST-007,Bayou City Fuel Dist.,JET-A1,Jet Fuel A-1,Refined Products,3383.57,3.45,T. Williams,False,False,False,3.45,False,False,False,11673.3165
ORD-2024244,2024-09-17,CUST-002,Gulf Coast Refinery LLC,HEAT-OIL,Heating Oil No.2,Refined Products,1872.96,3.1,R. Chen,False,False,False,3.1,False,False,False,5806.176
ORD-2024245,2024-09-05,CUST-004,Houston Petrochem Inc.,NAT-GAS-001,Natural Gas,Natural Gas,1040.83,2.85,T. Williams,False,False,False,2.85,False,False,False,2966.3655
ORD-2024246,2024-02-21,CUST-002,Gulf Coast Refinery LLC,NAT-GAS-001,Natural Gas,Natural Gas,2587.68,2.85,T. Williams,False,False,False,2.85,False,False,False,7374.888
ORD-2024247,2024-11-12,CUST-001,Permian Basin Drilling Co.,HEAT-OIL,Heating Oil No.2,Refined Products,742.14,3.1,T. Williams,False,False,False,3.1,False,False,False,2300.634
ORD-2024248,2024-03-25,CUST-003,Texas Energy Partners,NAT-GAS-001,Natural Gas,Natural Gas,3633.8,2.85,A. Johnson,True,False,False,2.85,False,False,False,10356.330000000002
ORD-2024248,2024-03-25,CUST-003,Texas Energy Partners,NAT-GAS-001,Natural Gas,Natural Gas,3633.8,2.85,A. Johnson,True,False,False,2.85,False,False,False,10356.330000000002
ORD-2024249,2024-11-08,CUST-004,Houston Petrochem Inc.,LUBR-HD40,Heavy Duty Lubricant 40W,Lubricants,1496.15,12.5,R. Chen,False,False,False,12.5,False,False,False,18701.875
ORD-2024250,2024-05-02,CUST-004,Houston Petrochem Inc.,PROP-LPG,Propane LPG,LPG,1616.39,1.15,A. Johnson,False,False,False,1.15,False,False,False,1858.8485
ORD-2024251,2024-12-13,CUST-004,Houston Petrochem Inc.,PROP-LPG,Propane LPG,LPG,4740.94,1.15,T. Williams,False,False,False,1.15,False,False,False,5452.080999999999
ORD-2024252,2024-09-14,CUST-005,Lone Star Pipeline Corp.,PROP-LPG,Propane LPG,LPG,2684.55,1.15,R. Chen,False,False,False,1.15,False,False,False,3087.2325
ORD-2024253,2024-01-27,CUST-003,Texas Energy Partners,DIESEL-ULS,Ultra Low Sulfur Diesel,Refined Products,3241.78,3.2,T. Williams,False,False,False,3.2,False,False,False,10373.696000000002
ORD-2024254,2024-03-04,CUST-002,Gulf Coast Refinery LLC,HEAT-OIL,Heating Oil No.2,Refined Products,1496.81,3.1,A. Johnson,False,False,False,3.1,False,False,False,4640.111
ORD-2024255,2024-03-16,CUST-008,Midland Energy Services,JET-A1,Jet Fuel A-1,Refined Products,4172.13,,A. Johnson,False,True,False,3.45,False,False,False,
ORD-2024256,2024-01-14,CUST-008,Midland Energy Services,DIESEL-ULS,Ultra Low Sulfur Diesel,Refined Products,2132.99,3.2,T. Williams,False,False,False,3.2,False,False,False,6825.567999999999
ORD-2024257,2024-02-11,CUST-004,Houston Petrochem Inc.,LUBR-HD40,Heavy Duty Lubricant 40W,Lubricants,1937.07,12.5,R. Chen,True,False,False,12.5,False,False,False,24213.375
ORD-2024257,2024-02-11,CUST-004,Houston Petrochem Inc.,LUBR-HD40,Heavy Duty Lubricant 40W,Lubricants,1937.07,12.5,R. Chen,True,False,False,12.5,False,False,False,24213.375
ORD-2024258,2024-03-11,CUST-006,Eagle Ford Resources,CRUDE-BRENT,Crude Oil Brent,Crude Oil,287.69,82.3,S. Patel,False,False,False,82.3,False,False,False,23676.887
ORD-2024259,2024-08-17,CUST-003,Texas Energy Partners,PROP-LPG,Propane LPG,LPG,3115.21,1.15,R. Chen,False,False,False,1.15,False,False,False,3582.4914999999996
ORD-2024260,2024-03-17,CUST-005,Lone Star Pipeline Corp.,CRUDE-WTI,Crude Oil WTI,Crude Oil,2789.14,78.5,S. Patel,False,False,False,78.5,False,False,False,218947.49
ORD-2024261,2024-05-27,CUST-007,Bayou City Fuel Dist.,HEAT-OIL,Heating Oil No.2,Refined Products,-1264.44,3.1,J. Martinez,False,False,True,3.1,False,False,False,-3919.764
ORD-2024262,2024-08-22,CUST-007,Bayou City Fuel Dist.,DIESEL-ULS,Ultra Low Sulfur Diesel,Refined Products,407.76,3.2,A. Johnson,False,False,False,3.2,False,False,False,1304.832
ORD-2024263,2024-10-21,CUST-001,Permian Basin Drilling Co.,PROP-LPG,Propane LPG,LPG,-1285.5,1.15,A. Johnson,False,False,True,1.15,False,False,False,-1478.3249999999998
ORD-2024264,2024-06-29,CUST-001,Permian Basin Drilling Co.,LUBR-SYN5,Synthetic Motor Oil 5W-30,Lubricants,1278.76,18.75,A. Johnson,False,False,False,18.75,False,False,False,23976.75
ORD-2024265,2024-09-26,CUST-006,Eagle Ford Resources,CRUDE-BRENT,Crude Oil Brent,Crude Oil,2766.0,82.3,J. Martinez,False,False,False,82.3,False,False,False,227641.8
ORD-2024266,2024-08-28,CUST-001,Permian Basin Drilling Co.,HEAT-OIL,Heating Oil No.2,Refined Products,313.32,3.1,R. Chen,False,False,False,3.1,False,False,False,971.292
ORD-2024267,2024-07-01,CUST-005,Lone Star Pipeline Corp.,LUBR-HD40,Heavy Duty Lubricant 40W,Lubricants,3963.75,12.5,J. Martinez,False,False,False,12.5,False,False,False,49546.875
ORD-2024268,2024-01-23,CUST-006,Eagle Ford Resources,CRUDE-BRENT,Crude Oil Brent,Crude Oil,1826.27,82.3,S. Patel,False,False,False,82.3,False,False,False,150302.02099999998
ORD-2024269,2024-11-19,CUST-008,Midland Energy Services,NAT-GAS-001,Natural Gas,Natural Gas,-993.16,2.85,R. Chen,False,False,True,2.85,False,False,False,-2830.506
ORD-2024270,2024-04-13,CUST-001,Permian Basin Drilling Co.,PROP-LPG,propane_lpg_v2,LPG,314.65,1.15,T. Williams,False,False,False,1.15,False,False,True,361.84749999999997
ORD-2024271,2024-07-22,CUST-005,Lone Star Pipeline Corp.,LUBR-HD40,Heavy Duty Lubricant 40W,Lubricants,4946.7,12.5,A. Johnson,False,False,False,12.5,False,False,False,61833.75
ORD-2024272,2024-05-26,CUST-001,Permian Basin Drilling Co.,JET-A1,Jet Fuel A-1,Refined Products,1849.17,3.45,S. Patel,False,False,False,3.45,False,False,False,6379.6365000000005
ORD-2024273,2024-07-07,CUST-005,Lone Star Pipeline Corp.,LUBR-HD40,Heavy Duty Lubricant 40W,Lubricants,2241.06,12.5,J. Martinez,False,False,False,12.5,False,False,False,28013.25
ORD-2024274,2024-04-05,CUST-007,Bayou City Fuel Dist.,PROP-LPG,Propane LPG,LPG,2531.4,1.15,T. Williams,False,False,False,1.15,False,False,False,2911.1099999999997
ORD-2024275,2024-08-05,CUST-005,Lone Star Pipeline Corp.,HEAT-OIL,Heating Oil No.2,Refined Products,486.74,3.1,J. Martinez,False,False,False,3.1,False,False,False,1508.894
ORD-2024276,2024-02-22,CUST-005,Lone Star Pipeline Corp.,NAT-GAS-001,Natural Gas,Natural Gas,492.34,2.85,T. Williams,False,False,False,2.85,False,False,False,1403.1689999999999
ORD-2024277,2024-08-06,CUST-008,Midland Energy Services,JET-A1,Jet Fuel A-1,Refined Products,916.56,3.45,A. Johnson,False,False,False,3.45,False,False,False,3162.132
ORD-2024278,2024-11-10,CUST-001,Permian Basin Drilling Co.,PROP-LPG,Propane LPG,LPG,4990.94,11.5,T. Williams,False,False,False,1.15,True,False,False,57395.81
ORD-2024279,2024-09-19,CUST-007,Bayou City Fuel Dist.,CRUDE-BRENT,Crude Oil Brent,Crude Oil,4025.37,82.3,T. Williams,False,False,False,82.3,False,False,False,331287.951
ORD-2024280,2024-12-13,CUST-003,Texas Energy Partners,CRUDE-WTI,Crude Oil WTI,Crude Oil,3928.43,78.5,A. Johnson,True,False,False,78.5,False,False,False,308381.755
ORD-2024280,2024-12-13,CUST-003,Texas Energy Partners,CRUDE-WTI,Crude Oil WTI,Crude Oil,3928.43,78.5,A. Johnson,True,False,False,78.5,False,False,False,308381.755
ORD-2024281,2024-07-04,CUST-004,Houston Petrochem Inc.,CRUDE-BRENT,Crude Oil Brent,Crude Oil,1975.99,82.3,T. Williams,False,False,False,82.3,False,False,False,162623.97699999998
ORD-2024282,2024-07-08,CUST-003,Texas Energy Partners,GASOLINE-87,Gasoline 87 Octane,Refined Products,1922.87,2.95,R. Chen,False,False,False,2.95,False,False,False,5672.4665
ORD-2024283,2024-07-06,CUST-003,Texas Energy Partners,GASOLINE-87,Gasoline 87 Octane,Refined Products,2050.37,2.95,A. Johnson,False,False,False,2.95,False,False,False,6048.5915
ORD-2024284,2024-04-05,CUST-002,Gulf Coast Refinery LLC,DIESEL-ULS,Ultra Low Sulfur Diesel,Refined Products,2545.32,3.2,J. Martinez,False,False,False,3.2,False,False,False,8145.024000000001
ORD-2024285,2024-05-13,CUST-002,Gulf Coast Refinery LLC,HEAT-OIL,heating_oil_no.2_x,Refined Products,3549.79,3.1,T. Williams,False,False,False,3.1,False,False,True,11004.349
ORD-2024286,2024-03-03,CUST-008,Midland Energy Services,JET-A1,Jet Fuel A-1,Refined Products,765.07,,S. Patel,False,True,False,3.45,False,False,False,
ORD-2024287,2024-12-15,CUST-008,Midland Energy Services,NAT-GAS-001,Natural Gas,Natural Gas,4841.05,2.85,J. Martinez,False,False,False,2.85,False,False,False,13796.9925
ORD-2024288,2024-10-04,CUST-002,Gulf Coast Refinery LLC,LUBR-HD40,Heavy Duty Lubricant 40W,Lubricants,1522.78,125.0,A. Johnson,False,False,False,12.5,True,False,False,190347.5
ORD-2024289,2024-04-24,CUST-006,Eagle Ford Resources,NAT-GAS-001,natural_gas_v2,Natural Gas,694.68,2.85,A. Johnson,False,False,False,2.85,False,False,True,1979.838
ORD-2024290,2024-07-03,CUST-008,Midland Energy Services,DIESEL-ULS,Ultra Low Sulfur Diesel,Refined Products,2814.71,3.2,J. Martinez,False,False,False,3.2,False,False,False,9007.072
ORD-2024291,2024-02-14,CUST-003,Texas Energy Partners,HEAT-OIL,Heating Oil No.2,Refined Products,422.17,3.1,A. Johnson,False,False,False,3.1,False,False,False,1308.727
ORD-2024292,2024-10-21,CUST-007,Bayou City Fuel Dist.,PROP-LPG,Propane LPG,LPG,461.38,1.15,R. Chen,False,False,False,1.15,False,False,False,530.587
ORD-2024293,2024-12-14,CUST-008,Midland Energy Services,CRUDE-BRENT,Crude Oil Brent,Crude Oil,-2635.06,82.3,R. Chen,False,False,True,82.3,False,False,False,-216865.438
ORD-2024294,2024-08-09,CUST-003,Texas Energy Partners,HEAT-OIL,Heating Oil No.2,Refined Products,2564.03,3.1,S. Patel,False,False,False,3.1,False,False,False,7948.493000000001
ORD-2024295,2024-03-25,CUST-003,Texas Energy Partners,CRUDE-BRENT,Crude Oil Brent,Crude Oil,893.64,82.3,T. Williams,False,False,False,82.3,False,False,False,73546.572
ORD-2024296,2024-05-25,,Eagle Ford Resources,DIESEL-ULS,Ultra Low Sulfur Diesel,Refined Products,4245.08,3.2,A. Johnson,False,False,False,3.2,False,True,False,13584.256000000001
ORD-2024297,2024-11-16,CUST-005,Lone Star Pipeline Corp.,HEAT-OIL,Heating Oil No.2,Refined Products,1583.84,3.1,S. Patel,False,False,False,3.1,False,False,False,4909.9039999999995
ORD-2024298,2024-10-24,CUST-003,Texas Energy Partners,HEAT-OIL,Heating Oil No.2,Refined Products,855.55,3.1,A. Johnson,False,False,False,3.1,False,False,False,2652.205
ORD-2024299,2024-01-22,CUST-006,Eagle Ford Resources,GASOLINE-87,Gasoline 87 Octane,Refined Products,4143.66,2.95,A. Johnson,True,False,False,2.95,False,False,False,12223.797
ORD-2024299,2024-01-22,CUST-006,Eagle Ford Resources,GASOLINE-87,Gasoline 87 Octane,Refined Products,4143.66,2.95,A. Johnson,True,False,False,2.95,False,False,False,12223.797
ORD-2024300,2024-10-19,CUST-005,Lone Star Pipeline Corp.,CRUDE-WTI,Crude Oil WTI,Crude Oil,2141.28,78.5,S. Patel,False,False,False,78.5,False,False,False,168090.48
ORD-2024301,2024-09-04,CUST-005,Lone Star Pipeline Corp.,PROP-LPG,Propane LPG,LPG,1299.9,1.15,T. Williams,False,False,False,1.15,False,False,False,1494.885
ORD-2024302,2024-02-07,CUST-005,Lone Star Pipeline Corp.,LUBR-SYN5,Synthetic Motor Oil 5W-30,Lubricants,-3474.21,18.75,R. Chen,False,False,True,18.75,False,False,False,-65141.4375
ORD-2024303,2024-04-14,CUST-008,Midland Energy Services,LUBR-SYN5,Synthetic Motor Oil 5W-30,Lubricants,-1766.94,18.75,R. Chen,False,False,True,18.75,False,False,False,-33130.125
ORD-2024304,2024-03-07,CUST-006,Eagle Ford Resources,LUBR-HD40,Heavy Duty Lubricant 40W,Lubricants,3827.26,12.5,R. Chen,False,False,False,12.5,False,False,False,47840.75
ORD-2024305,2024-08-26,CUST-006,Eagle Ford Resources,CRUDE-BRENT,Crude Oil Brent,Crude Oil,700.36,82.3,S. Patel,False,False,False,82.3,False,False,False,57639.628
ORD-2024306,2024-05-28,CUST-002,Gulf Coast Refinery LLC,NAT-GAS-001,Natural Gas,Natural Gas,4732.39,2.85,J. Martinez,False,False,False,2.85,False,False,False,13487.311500000002
ORD-2024307,2024-06-16,CUST-004,Houston Petrochem Inc.,LUBR-SYN5,Synthetic Motor Oil 5W-30,Lubricants,4675.38,18.75,S. Patel,False,False,False,18.75,False,False,False,87663.375
ORD-2024308,2024-09-20,CUST-003,Texas Energy Partners,DIESEL-ULS,Ultra Low Sulfur Diesel,Refined Products,2387.39,3.2,R. Chen,False,False,False,3.2,False,False,False,7639.648
ORD-2024309,2024-07-20,CUST-001,Permian Basin Drilling Co.,PROP-LPG,Propane LPG,LPG,2576.68,1.15,J. Martinez,False,False,False,1.15,False,False,False,2963.182
ORD-2024310,2024-01-26,CUST-006,Eagle Ford Resources,DIESEL-ULS,Ultra Low Sulfur Diesel,Refined Products,1478.65,3.2,J. Martinez,False,False,False,3.2,False,False,False,4731.68
ORD-2024311,2024-01-05,CUST-005,Lone Star Pipeline Corp.,PROP-LPG,Propane LPG,LPG,4251.14,1.15,A. Johnson,False,False,False,1.15,False,False,False,4888.811
ORD-2024312,2024-07-06,CUST-006,Eagle Ford Resources,JET-A1,Jet Fuel A-1,Refined Products,321.69,3.45,R. Chen,True,False,False,3.45,False,False,False,1109.8305
ORD-2024312,2024-07-06,CUST-006,Eagle Ford Resources,JET-A1,Jet Fuel A-1,Refined Products,321.69,3.45,R. Chen,True,False,False,3.45,False,False,False,1109.8305
ORD-2024313,2024-10-10,CUST-004,Houston Petrochem Inc.,HEAT-OIL,Heating Oil No.2,Refined Products,1514.15,3.1,T. Williams,False,False,False,3.1,False,False,False,4693.865000000001
ORD-2024314,2024-12-14,CUST-005,Lone Star Pipeline Corp.,PROP-LPG,Propane LPG,LPG,-3094.11,1.15,A. Johnson,False,False,True,1.15,False,False,False,-3558.2264999999998
ORD-2024315,2024-06-22,CUST-007,Bayou City Fuel Dist.,CRUDE-BRENT,Crude Oil Brent,Crude Oil,2833.38,82.3,T. Williams,False,False,False,82.3,False,False,False,233187.174
ORD-2024316,2024-09-17,CUST-004,Houston Petrochem Inc.,NAT-GAS-001,Natural Gas,Natural Gas,2066.8,2.85,A. Johnson,True,False,False,2.85,False,False,False,5890.380000000001
ORD-2024316,2024-09-17,CUST-004,Houston Petrochem Inc.,NAT-GAS-001,Natural Gas,Natural Gas,2066.8,2.85,A. Johnson,True,False,False,2.85,False,False,False,5890.380000000001
ORD-2024317,2024-08-30,CUST-003,Texas Energy Partners,CRUDE-WTI,Crude Oil WTI,Crude Oil,-2644.73,78.5,T. Williams,False,False,True,78.5,False,False,False,-207611.305
ORD-2024318,2024-11-09,CUST-003,Texas Energy Partners,HEAT-OIL,Heating Oil No.2,Refined Products,1660.8,3.1,T. Williams,False,False,False,3.1,False,False,False,5148.48
ORD-2024319,2024-06-21,CUST-005,Lone Star Pipeline Corp.,GASOLINE-87,Gasoline 87 Octane,Refined Products,2585.84,2.95,A. Johnson,False,False,False,2.95,False,False,False,7628.228000000001
